{"cameraMode":{"drawMode":0,"name":"Shaded","section":"Shading Mode"},"sceneLighting":false,"audioPlay":false,"sceneViewState":{"showFog":true,"showMaterialUpdate":false,"showSkybox":true,"showFlares":true,"showImageEffects":true,"showParticleSystems":true},"in2DMode":false,"pivot":{"x":0.0,"y":-1.2976906299591065,"z":1.325157642364502},"rotation":{"x":-0.020969340577721597,"y":0.3276572525501251,"z":-0.007284304592758417,"w":-0.9445359110832214},"size":13.623248100280762,"orthographic":true}